id,score0,score1,score2,difficulty
kfjupc,0.16,0.5,0.33,level0
zqilbf,0.26,0.11,0.47,level2
kahyhkxigiha,0.04,0.0,0.29,level0
rfjtuje,0.54,0.2,0.41,level1
tvditf,0.08,0.01,0.38,level1
adbwoyq,0.19,0.12,0.06,level0
jzmodoedd,0.35,0.0,0.05,level2
tzuqxvrl,0.11,0.26,0.39,level1
yvrpzusu,0.35,0.28,0.42,level2
jgfznqrraq,0.14,0.15,0.15,level1
ehyenovw,0.15,0.1,0.23,level0
plbvqqitcah,0.06,0.29,0.42,level0
chmuqcrkciz,0.0,0.25,0.22,level2
cxhvvumq,0.29,0.47,0.08,level0
odkhmsuslojt,0.42,0.03,0.4,level2
ubcwrxffevc,0.0,0.21,0.0,level0
lfvhgklct,0.16,0.2,0.15,level1
dkayzlpfwniq,0.29,0.0,0.18,level1
adafzplcjlm,0.13,0.2,0.23,level0
pcwfpz,0.1,0.3,0.56,level2
hprgetnociiu,0.37,0.0,0.23,level2
wqbxypynzns,0.02,0.01,0.37,level2
jrgcfxj,0.26,0.3,0.46,level2
xuhbnnqjof,0.3,0.29,0.1,level1
ubizsqnarks,0.3,0.0,0.24,level1
bslkkxc,0.16,0.0,0.16,level2
vwjlwag,0.4,0.4,0.17,level0
rwmrawj,0.05,0.15,0.18,level2
zixefqlgtqea,0.15,0.08,0.18,level1
nqvpthh,0.11,0.24,0.32,level2
lvqucfssehab,0.0,0.08,0.3,level0
drgpdwmwislc,0.06,0.08,0.31,level1
qfvkkc,0.1,0.2,0.08,level1
hhrnidvqdo,0.0,0.0,0.17,level1
vftysikm,0.0,0.17,0.0,level2
bvsviglouha,0.12,0.0,0.38,level0
rchyanzwtym,0.35,0.27,0.24,level1
lsweoail,0.2,0.62,0.0,level0
bwiuefmlpkz,0.01,0.07,0.05,level0
smejrebjeoz,0.0,0.1,0.03,level0
qgrlly,0.0,0.27,0.28,level1
rypuaipx,0.36,0.21,0.12,level0
myxihuqgi,0.23,0.26,0.28,level2
zyamfwjokxr,0.0,0.13,0.11,level0
njpdhun,0.0,0.17,0.01,level1
gokkoebldgbx,0.0,0.38,0.16,level0
ymgheuatng,0.16,0.46,0.41,level1
thwqno,0.0,0.46,0.44,level0
phmoav,0.17,0.22,0.11,level1
epunmne,0.06,0.12,0.0,level2
yxmpic,0.23,0.23,0.12,level1
ebjhhh,0.28,0.21,0.26,level0
ubimkfb,0.2,0.3,0.34,level0
jcknyfps,0.08,0.0,0.16,level1
wiwiiisusv,0.49,0.11,0.05,level2
hhioxunthr,0.0,0.06,0.24,level1
lvoulsgyy,0.26,0.26,0.34,level0
drmjcv,0.09,0.25,0.45,level0
epmfioea,0.18,0.01,0.23,level0
ijqdlmmg,0.28,0.0,0.0,level0
xqpenqc,0.03,0.26,0.5,level1
ieqkuma,0.12,0.39,0.31,level2
oooufwvqpv,0.0,0.14,0.51,level2
onrvugshmik,0.04,0.33,0.37,level0
lsvnmtu,0.1,0.34,0.26,level0
hjdusaburtrp,0.14,0.0,0.01,level2
qqxjlg,0.01,0.27,0.11,level2
uktctqxx,0.15,0.29,0.15,level0
nkpkfbfcy,0.41,0.26,0.39,level0
pwsovbofo,0.1,0.3,0.33,level2
bqjaez,0.23,0.32,0.12,level0
smgggs,0.16,0.0,0.35,level2
ywkihfgw,0.05,0.13,0.39,level2
samkvbgcv,0.02,0.15,0.3,level0
ricyci,0.01,0.42,0.02,level1
eeoxrmyrzxl,0.0,0.0,0.26,level1
tecuolc,0.06,0.11,0.2,level1
jyhmiqk,0.0,0.34,0.39,level2
asbezymi,0.1,0.06,0.17,level2
gxcplwryfjd,0.0,0.06,0.32,level0
yfghpnujrx,0.29,0.29,0.0,level1
jpmixks,0.12,0.43,0.01,level0
ndhkfidxt,0.21,0.14,0.14,level2
sxwzqld,0.14,0.0,0.08,level1
xvrtfucnagz,0.13,0.0,0.16,level1
cicbtvr,0.0,0.01,0.4,level0
gclbqtpifmu,0.24,0.18,0.37,level1
txurdblutnt,0.18,0.35,0.27,level1
qyypzo,0.0,0.03,0.18,level1
jvajvhbvx,0.0,0.5,0.25,level0
dgblrqjwa,0.15,0.0,0.08,level0
yecjuslw,0.01,0.0,0.12,level2
rklyconzjf,0.11,0.32,0.07,level2
ooifwxiw,0.0,0.2,0.12,level1
ckszfvp,0.04,0.0,0.22,level2
upcgwd,0.18,0.29,0.16,level1
phozna,0.21,0.0,0.13,level0
qsgglz,0.0,0.0,0.53,level2
igmopb,0.07,0.2,0.2,level0
uauyoesdy,0.18,0.3,0.19,level2
ywfpgy,0.21,0.12,0.38,level1
cldjgve,0.13,0.17,0.08,level2
csebqr,0.12,0.16,0.07,level0
xlvztuupurc,0.08,0.01,0.12,level2
sgbuzde,0.09,0.15,0.11,level2
tjcfzi,0.17,0.47,0.03,level2
prhkfsqry,0.0,0.19,0.0,level2
knelqmbda,0.08,0.22,0.3,level1
axidxzxljrpp,0.13,0.19,0.0,level2
kxwwuus,0.23,0.2,0.12,level1
qxqvplokjbq,0.0,0.21,0.12,level0
zzlzdza,0.3,0.1,0.2,level2
rzrbpqh,0.32,0.12,0.05,level0
esaaaiimc,0.0,0.23,0.3,level2
hsoqcuiv,0.07,0.02,0.25,level0
yymxya,0.19,0.0,0.16,level1
xoymwkm,0.0,0.18,0.28,level1
eplplpumldgu,0.0,0.21,0.39,level0
zdjcvjfme,0.18,0.32,0.02,level0
tgzauhonjjdj,0.1,0.05,0.16,level2
dnzqcfwv,0.0,0.41,0.25,level1
gifhoh,0.35,0.1,0.43,level0
mnkmtvzvb,0.12,0.72,0.0,level0
jpleyzhqieuj,0.15,0.26,0.19,level1
xyjlftqvvdpw,0.0,0.42,0.26,level0
ldoxadcf,0.43,0.21,0.31,level0
epwwngch,0.0,0.08,0.32,level0
fckskyckuqux,0.0,0.0,0.25,level0
iserhb,0.31,0.03,0.0,level2
ntyzvpyqb,0.28,0.26,0.18,level0
nbashfx,0.14,0.17,0.35,level2
yocyaxdiwa,0.0,0.44,0.0,level2
lbzgje,0.05,0.32,0.28,level1
mgoqnp,0.2,0.21,0.06,level2
ndbrinkob,0.0,0.17,0.22,level2
jtqoboorxql,0.0,0.01,0.0,level2
tggacrfb,0.18,0.04,0.08,level0
nlytmzmjjstp,0.13,0.15,0.11,level2
fsrmzuzjcssk,0.31,0.17,0.21,level0
fhlgsowyf,0.12,0.07,0.31,level1
btbvdyrzi,0.33,0.28,0.25,level1
hmranz,0.17,0.03,0.14,level1
qeodolyp,0.0,0.16,0.04,level0
klzdgtyksh,0.0,0.05,0.36,level2
qbmhszygpfl,0.22,0.47,0.11,level2
derwcxwuchya,0.0,0.23,0.35,level0
yehuwskmtt,0.11,0.2,0.03,level2
fianvx,0.01,0.01,0.12,level0
ycgtnucy,0.13,0.15,0.0,level1
fnxinxdzrwhp,0.0,0.13,0.2,level2
wcxkgwfegw,0.0,0.0,0.27,level2
qovxwzmg,0.0,0.4,0.19,level2
equpdkb,0.04,0.09,0.42,level0
kuvtgpayqp,0.0,0.21,0.17,level2
smoopwu,0.06,0.29,0.28,level1
izhoafkdgcya,0.16,0.16,0.07,level1
byastwhom,0.0,0.19,0.22,level0
gmakgtkqaxnr,0.0,0.17,0.26,level2
pljmoguga,0.29,0.14,0.23,level2
obkxugtuvg,0.55,0.16,0.09,level2
okpqdtwve,0.15,0.25,0.29,level1
ucfgejau,0.07,0.11,0.14,level1
rrrxxxgiivu,0.04,0.26,0.32,level2
sqehfecadpvv,0.07,0.15,0.23,level2
iwsvoiz,0.0,0.1,0.3,level0
akwejdchi,0.17,0.0,0.0,level0
lbpwqblgyb,0.0,0.04,0.07,level1
ycwgtnripcka,0.05,0.25,0.33,level0
icrnncxqcbq,0.0,0.06,0.36,level1
fnruytjkaecw,0.0,0.04,0.02,level0
pvmsfvowbm,0.0,0.29,0.03,level0
byzwondgeotc,0.0,0.18,0.47,level1
swaihnqrcg,0.16,0.0,0.06,level2
sbshvmkrps,0.23,0.37,0.27,level1
ezluuxojud,0.07,0.32,0.09,level2
pnqqwvysstlw,0.0,0.47,0.0,level1
imovfsusrcjt,0.24,0.2,0.23,level1
chzcswaawa,0.01,0.01,0.0,level1
xqiwcam,0.07,0.17,0.3,level1
wuduxjo,0.08,0.0,0.25,level2
jsdckfqrwbv,0.0,0.3,0.09,level2
izmwbx,0.08,0.13,0.37,level2
luzzkynvvem,0.14,0.16,0.16,level1
aokhil,0.22,0.0,0.22,level1
grusorgc,0.27,0.11,0.13,level1
hutitgnxtvj,0.0,0.16,0.25,level1
drgelytahy,0.26,0.0,0.0,level0
myksvtdi,0.13,0.34,0.2,level0
qomqthezhuxq,0.07,0.32,0.21,level2
qymcdfh,0.1,0.08,0.13,level0
pywwwpbenhry,0.12,0.04,0.0,level0
sgkbii,0.31,0.3,0.1,level0
lebvlqjnhr,0.16,0.26,0.0,level2
edpmgabebya,0.15,0.42,0.1,level2
umcqngeuwsif,0.0,0.06,0.24,level0
nmzzmhmdggb,0.1,0.0,0.43,level2
kzdgywrhakeg,0.04,0.0,0.09,level1
bwrwypnrtbe,0.2,0.04,0.38,level1
